热门查询,点击次数,展示,点击率,排名
twitterdown,29,408,7.11%,1.25
twitter downloader,4,431,0.93%,28.8
download twitter video,2,42,4.76%,20.62
twitterdow,2,8,25%,3
推特视频下载,2,6,33.33%,12.67
twitter download,1,704,0.14%,36.02
download twitter,1,263,0.38%,29.86
twitter down,1,67,1.49%,25.43
save twitter,1,59,1.69%,24.86
twitter online downloader,1,27,3.7%,14.56
twitter online video downloader,1,24,4.17%,14.67
twitter video download online,1,20,5%,22.9
video.twimg.com 페이지를 찾을 수 없음,1,19,5.26%,8.32
#twitterdown,1,17,5.88%,2.24
twitter video downloader free,1,15,6.67%,23.6
twitter video tools 18+,1,10,10%,4.2
twitter downloder,1,8,12.5%,32.25
twitter movie download,1,4,25%,23.75
推特视频解析在线,1,3,33.33%,8
twitter download url,1,3,33.33%,9.33
tw downloads,1,1,100%,7
twitter downloaded,1,1,100%,26
twitterダウンローダー,1,1,100%,27
online video downloader,1,1,100%,37
download from twitter,0,201,0%,29.29
twitter video downloader,0,94,0%,35.06
twitter save,0,83,0%,26.99
download twitter video online,0,76,0%,17.13
twitter down video,0,59,0%,8.85
download twitter videos online,0,57,0%,15.35
tweet downloader,0,50,0%,35.46
twitter downlaod,0,49,0%,39.27
dowon twitter,0,48,0%,8.5
트위터 동영상,0,41,0%,38.93
twitter dl,0,40,0%,19.12
twitter video download,0,40,0%,35.35
down twitter,0,37,0%,22.95
online twitter video downloader,0,36,0%,15.03
download twitter videos,0,36,0%,51.53
twitterdownload,0,34,0%,32.41
down tw,0,32,0%,14.25
twitter download video,0,32,0%,28.5
twitterdownloader,0,32,0%,38.88
twitter video down,0,31,0%,19.77
twitter video downloader online,0,31,0%,23.87
download for twitter,0,31,0%,29.23
twitter to video,0,28,0%,25.89
save from twitter,0,28,0%,28.96
save twitter videos,0,28,0%,36.71
downloadtwitter,0,27,0%,27.3
downloader twitter,0,27,0%,33.67
تحميل فيديو من تويتر,0,27,0%,46
download videos from twitter,0,26,0%,45.92
tw down,0,25,0%,13.16
twitter dow,0,25,0%,26.08
video downloader online twitter,0,24,0%,22.62
download video twitter,0,24,0%,26.54
download tweet,0,24,0%,29.04
download video twitter online,0,23,0%,19.17
online twitter-video erstellen,0,23,0%,73.04
twitter-video online erstellen,0,23,0%,78.52
twitter link download,0,22,0%,26.18
tw downloader,0,21,0%,25.71
is twitter down,0,21,0%,26.9
트위터 다운로드,0,21,0%,36.62
twitter-video erstellen kostenlos online,0,21,0%,66.52
twitter download video online,0,20,0%,16.65
twitter downloader online,0,20,0%,20.3
link download twitter,0,20,0%,25.1
twitter video,0,20,0%,40.55
online twitter downloader,0,19,0%,15.74
twitter video downlownload,0,19,0%,22.21
download twitter video free,0,19,0%,22.26
twitter saver,0,19,0%,30.58
حفظ فيديو تويتر,0,19,0%,40.05
down twitter video,0,18,0%,17.17
down video twitter,0,18,0%,20.11
tweet download,0,18,0%,24.83
free twitter download,0,18,0%,27.67
twitterdownlaod,0,18,0%,31.67
트위터 비디오 툴,0,18,0%,37.72
twitter dowload,0,18,0%,44.39
twitter-video erstellen,0,18,0%,86.44
download twitter link,0,17,0%,16.71
twitterdownlod,0,17,0%,28.76
تحميل من تويتر,0,17,0%,48.18
twitter-video vorlage kostenlos,0,17,0%,85.41
download from twitter online,0,15,0%,15.13
twitter url download,0,15,0%,16.2
twitter downloads,0,15,0%,20.27
twitterdownl,0,14,0%,2.29
free twitter video downloader,0,14,0%,13.64
twitter mp4 download,0,14,0%,19.57
twitter download link,0,14,0%,24.07
tweet down,0,13,0%,7.85
twitter video online downloader,0,13,0%,17.85
twitter hd download,0,13,0%,22.46
twitter video downloader multiple,0,13,0%,24.62
تحميل فيديو تويتر,0,13,0%,33.69
twitter download twitter download,0,13,0%,43.31
twittervideodown.com,0,12,0%,6.92
트위터 다운 100,0,12,0%,8.5
twitter download online,0,12,0%,18.33
download video from twitter online,0,12,0%,18.58
dl twitter,0,12,0%,20.42
download twitter download,0,12,0%,26.92
download twitter.com,0,12,0%,33.58
download a twitter,0,12,0%,37.33
트위터 동영상 다운,0,12,0%,40.42
تحميل مقاطع تويتر,0,12,0%,45.08
royalty free twitter videos,0,12,0%,51.08
site:twitterdown.com,0,11,0%,1
twitter mp4 downloader,0,11,0%,19.91
downloading from twitter,0,11,0%,23.73
twitter downloaders,0,11,0%,24.27
twitter videos download,0,11,0%,29.91
twitter downloa,0,11,0%,35.55
트위터 다운,0,11,0%,46.45
how to download from twitter video,0,11,0%,54.36
online video downloader twitter,0,10,0%,15.5
download from twitter link,0,10,0%,20
twitter online download,0,10,0%,20.4
download twitter online,0,10,0%,22.5
twitter to mp4 download,0,10,0%,28.3
twiter downloader,0,10,0%,32.1
twiter download,0,10,0%,32.9
트위터비디오툴,0,10,0%,34.8
트위터동영상,0,10,0%,35.3
twitter-video kostenlos erstellen,0,10,0%,71.8
download videos twitter,0,9,0%,26.11
download the twitter,0,9,0%,28.89
twitter to video download,0,9,0%,32.22
twitter downloded,0,9,0%,35.89
video download twitter,0,9,0%,43
twitter down net,0,8,0%,5.75
twitter link downloader,0,8,0%,19.25
online video download from twitter,0,8,0%,22
twitter downloader video,0,8,0%,22.25
twittersave,0,8,0%,29.38
twitter dowloader,0,8,0%,35.5
twitter downloade,0,8,0%,46
트위터10ㅔ,0,7,0%,7.29
download twitter video online free,0,7,0%,15.14
twitter video downloader online free,0,7,0%,21
twitter downliad,0,7,0%,34.29
twotter download,0,7,0%,34.86
twutter downloader,0,7,0%,35.29
free twitter video download,0,6,0%,16.67
twt vid down,0,6,0%,17.67
free twitter downloader,0,6,0%,18.17
twitter downlownload,0,6,0%,22.17
download twitter video downloader,0,6,0%,23.83
twitter download free,0,6,0%,24
mp4 download twitter,0,6,0%,25.5
download twt,0,6,0%,26.33
download link twitter,0,6,0%,26.67
download twitter videos mp4,0,6,0%,28.5
twittervideodownloader.com,0,6,0%,29.83
dowload twitter,0,6,0%,33.33
twitter downlaoder,0,6,0%,34.33
تنزيل فيديو من تويتر,0,6,0%,37
downlaod twitter,0,6,0%,40.83
twitter ダウンロード,0,6,0%,41
트위터다운,0,6,0%,49.67
savetwitter,0,5,0%,8.6
twitter video online,0,5,0%,12.4
twitter video download free,0,5,0%,15
online twitter video download,0,5,0%,18
twitter link video download,0,5,0%,18.2
twit vid down,0,5,0%,19.8
downloads twitter video,0,5,0%,20
twitter video dl,0,5,0%,20
twitter clip downloader,0,5,0%,21.2
telecharger video twitter en ligne,0,5,0%,22
dl videos from twitter,0,5,0%,25.4
download twitter videos online free,0,5,0%,25.4
twitter videos download online,0,5,0%,27
twitter donwloader,0,5,0%,30.8
twitter download twitter,0,5,0%,31.2
tweet save,0,5,0%,33.4
download a tweet,0,5,0%,33.8
twitter doenload,0,5,0%,34
twt download,0,5,0%,34.2
트위터 비디오 툴즈,0,5,0%,34.4
twitter to download,0,5,0%,34.6
download video from twitter,0,5,0%,34.8
twitter to mp4,0,5,0%,37.2
download twitter download twitter,0,5,0%,38.2
download twitt,0,5,0%,41
تحميل الفيديوهات من تويتر,0,5,0%,47
twitter videos downloaden,0,5,0%,52
twitter videos,0,5,0%,52.6
https://twittervideodownloader.com/,0,4,0%,7.5
推特在线下载,0,4,0%,8
free download video twitter,0,4,0%,11
online twitter download,0,4,0%,12
twitter multiple video downloader,0,4,0%,12.5
twitter video downloader hd,0,4,0%,15.75
twitter online video download,0,4,0%,17.75
dl twitter video,0,4,0%,22.25
down video from twitter,0,4,0%,22.5
twitter video download online free,0,4,0%,22.5
download twitter clip,0,4,0%,23.25
twitter video dow,0,4,0%,23.5
twitter download mp4,0,4,0%,24.25
video saver from twitter,0,4,0%,24.75
free video download from twitter,0,4,0%,25.25
트위터 영상 순위,0,4,0%,28.25
twitter download tool,0,4,0%,28.5
download from twiter,0,4,0%,29.25
dowloand twitter,0,4,0%,30.25
twitter video downloads,0,4,0%,30.25
twitter videos download link,0,4,0%,31
download mp4 from twitter,0,4,0%,32
twotter downloader,0,4,0%,32.5
twitter downloadee,0,4,0%,34.75
download of twitter,0,4,0%,35.25
download twiter,0,4,0%,35.25
twittwer download,0,4,0%,37
تنزيل مقاطع تويتر,0,4,0%,49.25
create twitter video online,0,4,0%,82.75
트위터 툴,0,4,0%,87.25
트위터월간동영상,0,3,0%,7
get twitter video,0,3,0%,9
推特视频解析,0,3,0%,9
download multiple twitter videos,0,3,0%,9.67
twitter videos downloader free,0,3,0%,10
twitter url video download,0,3,0%,17
tweetadder download,0,3,0%,18
online video downloader from twitter,0,3,0%,18.33
twitter url downloader,0,3,0%,18.33
twitter vid down,0,3,0%,19
twitter videos downloads,0,3,0%,19
download twittr,0,3,0%,19.67
downloader tweet,0,3,0%,22
twitter download hd,0,3,0%,23
twitter downloader free,0,3,0%,23
tweeter download,0,3,0%,23.67
download to twitter,0,3,0%,26.33
download twitter com,0,3,0%,27.33
save tweet,0,3,0%,28
download twitter mp4,0,3,0%,28.67
video download from twitter,0,3,0%,29.33
tweeter down,0,3,0%,30.67
free download from twitter,0,3,0%,31
to download twitter,0,3,0%,32.33
app download twitter video,0,3,0%,34.67
down load twitter,0,3,0%,34.67
downlod twitter,0,3,0%,34.67
download on twitter,0,3,0%,35
تويتر تحميل,0,3,0%,35.33
tweeterdownload,0,3,0%,36
video downloader for twitter iphone,0,3,0%,37.67
video downloader for twitter app,0,3,0%,39.67
트위터 동여상,0,3,0%,40.67
create free twitter video,0,3,0%,70
free twitter video maker,0,3,0%,85
twitter how to save videos,0,3,0%,85.67
트위터 무료보기,0,2,0%,6.5
https://twittervideodownloader.com,0,2,0%,7
twitter dwn,0,2,0%,7.5
twitter video site,0,2,0%,8
推特在线解析,0,2,0%,8
downtwitter,0,2,0%,8.5
video twitter down,0,2,0%,8.5
트위터 다운 순위,0,2,0%,8.5
unduh twitter,0,2,0%,9
downliad twitter,0,2,0%,9.5
twitter download manager,0,2,0%,9.5
twitter high quality video download,0,2,0%,10
twitter free video,0,2,0%,11
推特视频解析下载,0,2,0%,11
save twitter video,0,2,0%,11.5
tw down net,0,2,0%,12
multiple twitter video download,0,2,0%,12.5
twitter dowon,0,2,0%,15
twitter free video download,0,2,0%,15.5
推特在线,0,2,0%,16
online download from twitter,0,2,0%,16.5
online video download twitter,0,2,0%,16.5
video download twitter online,0,2,0%,17.5
推特免费视频,0,2,0%,17.5
dl twitter videos,0,2,0%,19
download twitter video free online,0,2,0%,19
downloader from twitter,0,2,0%,19
twitter com download,0,2,0%,19.5
download from tw,0,2,0%,20.5
tw video downloader,0,2,0%,20.5
twitter mp4 downloads,0,2,0%,20.5
twitter video downloader - download twitter videos online in mp4,0,2,0%,22.5
downloader video twitter,0,2,0%,23
download free twitter,0,2,0%,23.5
download twitter video hd,0,2,0%,23.5
twitter downloader.com,0,2,0%,23.5
free download twitter video,0,2,0%,24
twitter download video free,0,2,0%,24
ダウンローダー twitter,0,2,0%,24
dow video twitter,0,2,0%,24.5
twit dl,0,2,0%,24.5
twitter to video downloader,0,2,0%,24.5
downloads from twitter,0,2,0%,26
tw download,0,2,0%,26
twitter free downloader,0,2,0%,26
twitter ダウンローダー,0,2,0%,26
twitter video mp4,0,2,0%,26.5
트위터다운로드,0,2,0%,26.5
download video tweet downloader,0,2,0%,28.5
download private twitter video,0,2,0%,29
twitter video downloader site,0,2,0%,29.5
youtube down twitter,0,2,0%,30
downloading twitter videos,0,2,0%,30.5
twiter doenload,0,2,0%,31
download link twiter,0,2,0%,31.5
twiter down,0,2,0%,32.5
twitter downloader.,0,2,0%,32.5
downlaod from twitter,0,2,0%,33
downlaod tweet,0,2,0%,33.5
twitter video downloaf,0,2,0%,34.5
twt downloader,0,2,0%,34.5
save twitvid,0,2,0%,35
twitter video quality,0,2,0%,35
twittervideo download,0,2,0%,35
twitter downloadrr,0,2,0%,35.5
twitter.video download,0,2,0%,36
twittter down,0,2,0%,36
download twit,0,2,0%,37
titter to mp4,0,2,0%,37
download.twitter,0,2,0%,39
tweet dowloader,0,2,0%,41
tweet downloder,0,2,0%,41
twitterダウンロード,0,2,0%,42
트위터 다운로더,0,2,0%,42.5
twitter donwload,0,2,0%,44.5
تحميل الفيديو من تويتر,0,2,0%,44.5
트위터동영상다운,0,2,0%,45
تنزيل من تويتر,0,2,0%,46.5
twitter videos runterladen,0,2,0%,47.5
bajar twitter,0,2,0%,48
twitter dowm,0,2,0%,48.5
download twitter video online iphone,0,2,0%,50
how to change twitter video quality,0,2,0%,50.5
twitter video direct link,0,2,0%,53.5
save video for twitter,0,2,0%,56
tweter downloader,0,2,0%,59
download video online twitter,0,2,0%,63
twitter api,0,2,0%,68.5
download videos from twitter iphone,0,2,0%,70
how do i save twitter videos,0,2,0%,70
twitter reels download,0,2,0%,88
twitter video compression,0,2,0%,88
server status twitter,0,2,0%,93.5
professionelle twitter-video erstellen,0,2,0%,97
twitterdown?,0,1,0%,1
推特 视频 下载,0,1,0%,1
free tw,0,1,0%,4
트위터 저장,0,1,0%,4
dzinold twitter download link in desah.live,0,1,0%,5
twitter 1080p,0,1,0%,5
twiiter dl,0,1,0%,6
twitter doenload video,0,1,0%,6
twitter video tool monmode,0,1,0%,6
down from twitter,0,1,0%,8
twitter download site,0,1,0%,8
twitter url down,0,1,0%,8
twitter视频在线下载,0,1,0%,8
watch twitter videos online,0,1,0%,8
推特视频保存,0,1,0%,8
트위터 10ㅔ,0,1,0%,8
download twitter video for free,0,1,0%,9
twitter video free,0,1,0%,9
twittervideo.net,0,1,0%,9
twtdownload,0,1,0%,9
推特視頻下載,0,1,0%,9
down vid twitter,0,1,0%,10
free xxx twitter,0,1,0%,10
twitter 1080p video downloader,0,1,0%,10
twitter video do,0,1,0%,10
twitter video player online,0,1,0%,10
twittwer video downloader,0,1,0%,10
dl from twitter,0,1,0%,12
twitter online video,0,1,0%,12
twitter videos online download,0,1,0%,12
download twitter videos free,0,1,0%,13
online twitter videos download,0,1,0%,13
twitter free video downloader,0,1,0%,13
baixar do twitter,0,1,0%,14
download mp4 twitter,0,1,0%,15
download online twitter,0,1,0%,15
download twitter online video,0,1,0%,15
tw.down,0,1,0%,15
down twitter videos,0,1,0%,16
online download video from twitter,0,1,0%,16
twitter youtube down,0,1,0%,16
download twitter account,0,1,0%,17
download video from twitter free,0,1,0%,17
save twitter video online,0,1,0%,17
twitter down?,0,1,0%,17
twitter hd video download,0,1,0%,17
twitter save video,0,1,0%,17
web download video twitter,0,1,0%,17
download video any url,0,1,0%,18
twitter downloader online free,0,1,0%,18
xvideo video downloader,0,1,0%,18
free download twitter video online,0,1,0%,19
twitter status downloader,0,1,0%,19
twitter video downloader - download twitter videos online,0,1,0%,19
twitter video downloader private account,0,1,0%,19
twt vid dl,0,1,0%,19
download clip from twitter,0,1,0%,20
twitter free download,0,1,0%,21
twitter vid.com,0,1,0%,21
twitter video downloader high quality,0,1,0%,21
twitter video free download,0,1,0%,21
twitter vídeo download,0,1,0%,21
twtr download,0,1,0%,21
推特免费,0,1,0%,21
download twitter videos for free,0,1,0%,22
downloader videos twitter,0,1,0%,22
downloading twitter,0,1,0%,22
mobile twitter down,0,1,0%,22
twitter video free downloader,0,1,0%,22
baixar video online twitter,0,1,0%,23
dl tw vid,0,1,0%,23
download from twitte,0,1,0%,23
save video from twitter,0,1,0%,23
twitteer download,0,1,0%,23
twitter dl vid,0,1,0%,23
twitter video downloader website,0,1,0%,23
videy twiter,0,1,0%,23
download twitter downloader,0,1,0%,24
download twitter hd,0,1,0%,24
downñoad twitter video,0,1,0%,24
download tweeter,0,1,0%,25
saver twitter,0,1,0%,25
twitter donload,0,1,0%,25
twitter hd downloader,0,1,0%,25
트위터 일괄 다운로드 프로그램,0,1,0%,25
download free video twitter,0,1,0%,26
download twitter content,0,1,0%,26
twitter to vid,0,1,0%,26
twitter video online download,0,1,0%,26
download tiwtter,0,1,0%,27
download twitte,0,1,0%,27
download twitter media,0,1,0%,27
how to download twitter,0,1,0%,27
link twitter download,0,1,0%,27
save twitter hd,0,1,0%,27
twitter downaloder,0,1,0%,27
twitter downoad,0,1,0%,27
twitter video download api,0,1,0%,27
twt dl,0,1,0%,27
twtvid,0,1,0%,27
下载推特视频,0,1,0%,27
트위터 동영상 다운로드 방법,0,1,0%,27
download from twitter hd,0,1,0%,28
how to download twitter videos free,0,1,0%,28
twetter download,0,1,0%,28
twitter doenlaod,0,1,0%,28
twitter tweet download,0,1,0%,28
twitter video download website,0,1,0%,28
twitter推特(x)视频下载 | 在线工具,0,1,0%,28
twitter视频下载,0,1,0%,28
www twitter download,0,1,0%,28
تنزيل فيديوهات تويتر,0,1,0%,28
트위터 영상 한번에 다운,0,1,0%,28
downloads twitter,0,1,0%,29
high quality twitter video downloader,0,1,0%,29
how to download twitter video online,0,1,0%,29
how to download twitter videos online,0,1,0%,29
tweet mp4,0,1,0%,29
twitte download,0,1,0%,29
twitter downlaoad,0,1,0%,29
twitter link to video,0,1,0%,29
x api 무료,0,1,0%,29
dowload twiter,0,1,0%,30
download clips from twitter,0,1,0%,30
twitter link to video download,0,1,0%,30
twtitter downloader,0,1,0%,30
التحميل من التويتر,0,1,0%,30
ツイッター ダウンローダー,0,1,0%,30
dld twitter,0,1,0%,31
download film twitter,0,1,0%,31
download twittr video,0,1,0%,31
free download twitter,0,1,0%,31
save twt,0,1,0%,31
tweet downloaded,0,1,0%,31
tweet to download,0,1,0%,31
twitter dow',0,1,0%,31
twitter downl,0,1,0%,31
twitter download er,0,1,0%,31
twitterダウンローダ,0,1,0%,31
推 特 视频,0,1,0%,31
트위터 비디오 다운로더,0,1,0%,31
descargar de twitter,0,1,0%,32
is twitter diwn,0,1,0%,32
twit save,0,1,0%,32
twitter video download site,0,1,0%,32
download a video from twitter,0,1,0%,33
teitter doenloader,0,1,0%,33
teitter downloader,0,1,0%,33
twitter dowbloader,0,1,0%,33
twitter video downlaoder,0,1,0%,33
twitter video downloader mp4 free,0,1,0%,33
트위터 영상모음,0,1,0%,33
트위터 툴즈,0,1,0%,33
download twitter space mp3 free,0,1,0%,34
titter downloader,0,1,0%,34
tweets download,0,1,0%,34
twit download,0,1,0%,34
twitter mp4,0,1,0%,34
트위터 비디오툴,0,1,0%,34
tweeter downloader,0,1,0%,35
twitter video.download,0,1,0%,35
twitter. downloader,0,1,0%,35
twitter doenloader,0,1,0%,36
twitter downloaer,0,1,0%,36
twittervid,0,1,0%,36
twt down,0,1,0%,36
video twitter download,0,1,0%,36
videos von twitter downloaden,0,1,0%,36
downloading videos from twitter,0,1,0%,37
twittee download,0,1,0%,37
twitter downlo,0,1,0%,37
twitter media downloader,0,1,0%,37
twitter video downloader mp4,0,1,0%,37
twitter video por,0,1,0%,37
twityer downloader,0,1,0%,37
twtter download,0,1,0%,37
url video twitter,0,1,0%,37
التنزيل من تويتر,0,1,0%,37
تنزيل من التويتر,0,1,0%,37
tweet saver,0,1,0%,38
video twitter,0,1,0%,38
donwload twitter,0,1,0%,39
twitter dowland,0,1,0%,39
twitter video url,0,1,0%,39
download twittwe,0,1,0%,40
how to save twitter videos,0,1,0%,40
saving twitter videos,0,1,0%,40
tweet to mp4,0,1,0%,40
twitter unduh,0,1,0%,40
videos twitter download,0,1,0%,40
download twitter videos by link,0,1,0%,41
tw vid,0,1,0%,41
twitter downloader hd,0,1,0%,41
twitter 동영상,0,1,0%,41
twittter download,0,1,0%,41
트위터 동영살,0,1,0%,41
download twitter vids,0,1,0%,42
twitter video to mp4,0,1,0%,42
برنامج تحميل تويتر,0,1,0%,42
تنزيل تويتر فيديو,0,1,0%,42
트위터 동영상 다운로드,0,1,0%,42
트위터 비디오,0,1,0%,42
download تويتر,0,1,0%,43
twitter clip download,0,1,0%,43
twitter dowlaod,0,1,0%,43
twitter site down,0,1,0%,44
free download for twitter,0,1,0%,45
twitter videos herunterladen,0,1,0%,45
트윗 다운,0,1,0%,48
how to download from twitter,0,1,0%,49
videos von twitter herunterladen,0,1,0%,49
트위터 영상다운,0,1,0%,50
app for twitter video download,0,1,0%,51
download teitter,0,1,0%,53
download twite,0,1,0%,53
트위터 api 사용법,0,1,0%,54
트위터다운로드랭킹,0,1,0%,54
twitter video download ios,0,1,0%,55
download twi,0,1,0%,56
how can you download videos from twitter,0,1,0%,57
download twittwr,0,1,0%,58
download twiitter,0,1,0%,59
api de twitter,0,1,0%,60
xmdnlxj ekdnsfhem,0,1,0%,61
how save twitter video,0,1,0%,63
twitter video downloader script,0,1,0%,65
how i download video from twitter,0,1,0%,66
twitter download recent,0,1,0%,66
트위터 비디오 도구,0,1,0%,68
twitter rip video,0,1,0%,69
트위터 api,0,1,0%,72
twitter mp3 download,0,1,0%,75
download twitter videos chrome,0,1,0%,78
app for downloading videos from twitter,0,1,0%,82
免费推特,0,1,0%,86
트위터 동영상 사이트,0,1,0%,88
how can you save twitter videos,0,1,0%,90
twitter ダウン,0,1,0%,92
rip twitter video,0,1,0%,94
twitter vid,0,1,0%,96